{"type": "Angielski", "o": 0.02999999999999925, "w": [0.009938569825886888, 0.043765936560449165, 0.04389726382802112, -0.0015882096507473463, -0.02586587908271218, 0.052136879858202104, 0.023747554561504965, 0.17362150281293143, 0.14913477855995247, -0.031007765858573524, -0.0554070726290754, -0.031226343853893723, -0.011235051431865196, 0.0563015343511042, 0.06841867817206233, -0.013826701450175213, -0.012017241208935108, 0.022066050019863365, 0.028222061010931318, 0.15420613745615377, -0.029944962234927198, -0.033755289410047726, 0.05888271242278085, -0.004866203069212143, -0.004109896396556541]}
{"type": "Francuski", "o": 0.04999999999999925, "w": [0.05103058607101237, 0.00636050128607838, 0.03662076570627237, 0.02916331265014592, 0.16649217532417443, 0.005679182795333365, 0.006486345063315348, 0.0010387705758993144, 0.0514068502544956, 0.0016054189917536013, -0.01494600029281212, 0.05502007969689035, 0.012058491136795522, 0.05143052189894419, 0.03406233770352111, 0.02695416270987303, 0.011298350554382938, 0.03786175509106711, 0.06475791388987262, 0.044299781706442526, 0.0641886671968232, -0.0002767895634948383, -0.00020115558221550273, 0.004952639574398716, 0.001343091293952763]}
{"type": "Polski", "o": 0.02999999999999925, "w": [0.08401161638975199, 0.007521680003756078, 0.04616247389710813, 0.007140974333095063, 0.04072283221623282, -0.00829944162885445, -5.129015668701023e-05, -0.002810082514971186, 0.0629896247646, 0.03385684906688499, 0.03917827415622866, 0.028704047801760724, 0.011980710274535289, 0.014001183806418458, 0.10239028186538854, 0.03979528882553899, -0.00021032712697093158, 0.013915951340567414, 0.042165970331344706, 0.002789927389300826, 0.022106442916430345, -0.017154401293463434, 0.08971565090367971, -0.000605436631294736, 0.05142965169944049]}
{"type": "Szwedzki", "o": 0.03999999999999925, "w": [0.10666562995783158, 0.00919493895091536, 0.002715927473088308, 0.04781413873505392, 0.05257352274818642, 0.013568154157419405, 0.02975230891730943, 0.006783838837546968, 0.03603315058643236, 0.004192224844262967, 0.04122115113133117, 0.033506692880281436, 0.029222766055010417, 0.07913158565729528, 0.04595237923895798, 0.003760578595060724, -0.0011931827193596444, 0.08093217943692493, 0.05133663826246615, 0.05870433197640887, 0.008300106877581708, 0.027209327309518087, -0.004018656316334898, -3.6264381572224504e-05, -0.0011502339421767102]}